{"train_psnr":33.040432978717114,"_step":499,"_runtime":27449,"lr":1e-06,"_timestamp":1.7761918298342454e+09,"epoch":500,"_wandb":{"runtime":27449},"train_loss":0.002542517257097643,"val_psnr":28.55632581515892,"val_loss":0.0022861350242601476}