{"train_psnr":31.595464635538605,"lr":1e-06,"_runtime":25829,"val_loss":0.002807135870825732,"val_psnr":27.478538825877692,"train_loss":0.0030625823626178315,"_step":499,"_wandb":{"runtime":25829},"epoch":500,"_timestamp":1.7761902118030045e+09}