{"_step":499,"val_psnr":29.202097680280573,"train_psnr":33.47151094678321,"val_loss":0.001985728788349661,"_wandb":{"runtime":24468},"epoch":500,"lr":1e-06,"train_loss":0.00210562090476742,"_runtime":24468,"_timestamp":1.7761605532752569e+09}