{"val_loss":0.0015089924631502072,"train_loss":0.0017431941234099214,"_step":499,"epoch":500,"_wandb":{"runtime":26891},"_runtime":26891,"_timestamp":1.7761629753671734e+09,"lr":1e-06,"train_psnr":35.04762518936802,"val_psnr":30.540178858464557}