{"_timestamp":1.7761164391474638e+09,"train_psnr":36.774462695709474,"train_loss":0.0009990850994654465,"val_loss":0.0009142763031559298,"epoch":500,"lr":1e-06,"val_psnr":32.88914551610379,"_wandb":{"runtime":28661},"_step":499,"_runtime":28661}