{"_wandb":{"runtime":469},"epoch":8,"train_psnr":31.519614888048494,"lr":0.0001,"val_psnr":28.152164520332985,"_timestamp":1.7761358810271878e+09,"_step":7,"train_loss":0.00293326863727998,"_runtime":469,"val_loss":0.0024974295613355933}