{"lr":1e-06,"train_loss":0.0007859384281618986,"epoch":500,"_timestamp":1.7761262067115955e+09,"val_loss":0.0006786099405690038,"_wandb":{"runtime":30019},"val_psnr":34.21735680085592,"_step":499,"train_psnr":38.149099230283916,"_runtime":30019}