{"val_psnr":27.667000185943174,"train_psnr":31.881568206690755,"_step":499,"train_loss":0.002966697493684478,"_wandb":{"runtime":28464},"epoch":500,"_timestamp":1.7761928445463762e+09,"val_loss":0.0027012453557836123,"_runtime":28464,"lr":1e-06}