{"_step":499,"lr":1e-06,"epoch":500,"train_loss":0.0011490219180996064,"_runtime":24780,"train_psnr":36.22370305966145,"val_loss":0.000987768310460524,"_timestamp":1.7761195973415203e+09,"val_psnr":32.57151535931414,"_wandb":{"runtime":24780}}