{"_timestamp":1.7761637833589516e+09,"train_psnr":33.90853039265381,"_step":499,"val_loss":0.0018778174568069516,"epoch":500,"train_loss":0.002024576863477705,"_wandb":{"runtime":27688},"val_psnr":29.473129258216655,"lr":1e-06,"_runtime":27688}